id,name,email,department,role,salary,active,created_at
1,User 1,user1@example.com,Design,Mid,50137,true,2020-01-01
2,User 2,user2@example.com,Sales,Senior,50274,true,2020-01-02
3,User 3,user3@example.com,Support,Lead,50411,false,2020-01-03
4,User 4,user4@example.com,Engineering,Junior,50548,true,2020-01-04
5,User 5,user5@example.com,Design,Mid,50685,true,2020-01-05
6,User 6,user6@example.com,Sales,Senior,50822,false,2020-01-06
7,User 7,user7@example.com,Support,Lead,50959,true,2020-01-07
8,User 8,user8@example.com,Engineering,Junior,51096,true,2020-01-08
9,User 9,user9@example.com,Design,Mid,51233,false,2020-01-09
10,User 10,user10@example.com,Sales,Senior,51370,true,2020-01-10
11,User 11,user11@example.com,Support,Lead,51507,true,2020-01-11
12,User 12,user12@example.com,Engineering,Junior,51644,false,2020-01-12
13,User 13,user13@example.com,Design,Mid,51781,true,2020-01-13
14,User 14,user14@example.com,Sales,Senior,51918,true,2020-01-14
15,User 15,user15@example.com,Support,Lead,52055,false,2020-01-15
16,User 16,user16@example.com,Engineering,Junior,52192,true,2020-01-16
17,User 17,user17@example.com,Design,Mid,52329,true,2020-01-17
18,User 18,user18@example.com,Sales,Senior,52466,false,2020-01-18
19,User 19,user19@example.com,Support,Lead,52603,true,2020-01-19
20,User 20,user20@example.com,Engineering,Junior,52740,true,2020-01-20
21,User 21,user21@example.com,Design,Mid,52877,false,2020-01-21
22,User 22,user22@example.com,Sales,Senior,53014,true,2020-01-22
23,User 23,user23@example.com,Support,Lead,53151,true,2020-01-23
24,User 24,user24@example.com,Engineering,Junior,53288,false,2020-01-24
25,User 25,user25@example.com,Design,Mid,53425,true,2020-01-25
26,User 26,user26@example.com,Sales,Senior,53562,true,2020-01-26
27,User 27,user27@example.com,Support,Lead,53699,false,2020-01-27
28,User 28,user28@example.com,Engineering,Junior,53836,true,2020-01-28
29,User 29,user29@example.com,Design,Mid,53973,true,2020-01-29
30,User 30,user30@example.com,Sales,Senior,54110,false,2020-01-30
31,User 31,user31@example.com,Support,Lead,54247,true,2020-01-31
32,User 32,user32@example.com,Engineering,Junior,54384,true,2020-02-01
33,User 33,user33@example.com,Design,Mid,54521,false,2020-02-02
34,User 34,user34@example.com,Sales,Senior,54658,true,2020-02-03
35,User 35,user35@example.com,Support,Lead,54795,true,2020-02-04
36,User 36,user36@example.com,Engineering,Junior,54932,false,2020-02-05
37,User 37,user37@example.com,Design,Mid,55069,true,2020-02-06
38,User 38,user38@example.com,Sales,Senior,55206,true,2020-02-07
39,User 39,user39@example.com,Support,Lead,55343,false,2020-02-08
40,User 40,user40@example.com,Engineering,Junior,55480,true,2020-02-09
41,User 41,user41@example.com,Design,Mid,55617,true,2020-02-10
42,User 42,user42@example.com,Sales,Senior,55754,false,2020-02-11
43,User 43,user43@example.com,Support,Lead,55891,true,2020-02-12
44,User 44,user44@example.com,Engineering,Junior,56028,true,2020-02-13
45,User 45,user45@example.com,Design,Mid,56165,false,2020-02-14
46,User 46,user46@example.com,Sales,Senior,56302,true,2020-02-15
47,User 47,user47@example.com,Support,Lead,56439,true,2020-02-16
48,User 48,user48@example.com,Engineering,Junior,56576,false,2020-02-17
49,User 49,user49@example.com,Design,Mid,56713,true,2020-02-18
50,User 50,user50@example.com,Sales,Senior,56850,true,2020-02-19
51,User 51,user51@example.com,Support,Lead,56987,false,2020-02-20
52,User 52,user52@example.com,Engineering,Junior,57124,true,2020-02-21
53,User 53,user53@example.com,Design,Mid,57261,true,2020-02-22
54,User 54,user54@example.com,Sales,Senior,57398,false,2020-02-23
55,User 55,user55@example.com,Support,Lead,57535,true,2020-02-24
56,User 56,user56@example.com,Engineering,Junior,57672,true,2020-02-25
57,User 57,user57@example.com,Design,Mid,57809,false,2020-02-26
58,User 58,user58@example.com,Sales,Senior,57946,true,2020-02-27
59,User 59,user59@example.com,Support,Lead,58083,true,2020-02-28
60,User 60,user60@example.com,Engineering,Junior,58220,false,2020-02-29
61,User 61,user61@example.com,Design,Mid,58357,true,2020-03-01
62,User 62,user62@example.com,Sales,Senior,58494,true,2020-03-02
63,User 63,user63@example.com,Support,Lead,58631,false,2020-03-03
64,User 64,user64@example.com,Engineering,Junior,58768,true,2020-03-04
65,User 65,user65@example.com,Design,Mid,58905,true,2020-03-05
66,User 66,user66@example.com,Sales,Senior,59042,false,2020-03-06
67,User 67,user67@example.com,Support,Lead,59179,true,2020-03-07
68,User 68,user68@example.com,Engineering,Junior,59316,true,2020-03-08
69,User 69,user69@example.com,Design,Mid,59453,false,2020-03-09
70,User 70,user70@example.com,Sales,Senior,59590,true,2020-03-10
71,User 71,user71@example.com,Support,Lead,59727,true,2020-03-11
72,User 72,user72@example.com,Engineering,Junior,59864,false,2020-03-12
73,User 73,user73@example.com,Design,Mid,60001,true,2020-03-13
74,User 74,user74@example.com,Sales,Senior,60138,true,2020-03-14
75,User 75,user75@example.com,Support,Lead,60275,false,2020-03-15
76,User 76,user76@example.com,Engineering,Junior,60412,true,2020-03-16
77,User 77,user77@example.com,Design,Mid,60549,true,2020-03-17
78,User 78,user78@example.com,Sales,Senior,60686,false,2020-03-18
79,User 79,user79@example.com,Support,Lead,60823,true,2020-03-19
80,User 80,user80@example.com,Engineering,Junior,60960,true,2020-03-20
81,User 81,user81@example.com,Design,Mid,61097,false,2020-03-21
82,User 82,user82@example.com,Sales,Senior,61234,true,2020-03-22
83,User 83,user83@example.com,Support,Lead,61371,true,2020-03-23
84,User 84,user84@example.com,Engineering,Junior,61508,false,2020-03-24
85,User 85,user85@example.com,Design,Mid,61645,true,2020-03-25
86,User 86,user86@example.com,Sales,Senior,61782,true,2020-03-26
87,User 87,user87@example.com,Support,Lead,61919,false,2020-03-27
88,User 88,user88@example.com,Engineering,Junior,62056,true,2020-03-28
89,User 89,user89@example.com,Design,Mid,62193,true,2020-03-29
90,User 90,user90@example.com,Sales,Senior,62330,false,2020-03-30
91,User 91,user91@example.com,Support,Lead,62467,true,2020-03-31
92,User 92,user92@example.com,Engineering,Junior,62604,true,2020-04-01
93,User 93,user93@example.com,Design,Mid,62741,false,2020-04-02
94,User 94,user94@example.com,Sales,Senior,62878,true,2020-04-03
95,User 95,user95@example.com,Support,Lead,63015,true,2020-04-04
96,User 96,user96@example.com,Engineering,Junior,63152,false,2020-04-05
97,User 97,user97@example.com,Design,Mid,63289,true,2020-04-06
98,User 98,user98@example.com,Sales,Senior,63426,true,2020-04-07
99,User 99,user99@example.com,Support,Lead,63563,false,2020-04-08
100,User 100,user100@example.com,Engineering,Junior,63700,true,2020-04-09
101,User 101,user101@example.com,Design,Mid,63837,true,2020-04-10
102,User 102,user102@example.com,Sales,Senior,63974,false,2020-04-11
103,User 103,user103@example.com,Support,Lead,64111,true,2020-04-12
104,User 104,user104@example.com,Engineering,Junior,64248,true,2020-04-13
105,User 105,user105@example.com,Design,Mid,64385,false,2020-04-14
106,User 106,user106@example.com,Sales,Senior,64522,true,2020-04-15
107,User 107,user107@example.com,Support,Lead,64659,true,2020-04-16
108,User 108,user108@example.com,Engineering,Junior,64796,false,2020-04-17
109,User 109,user109@example.com,Design,Mid,64933,true,2020-04-18
110,User 110,user110@example.com,Sales,Senior,65070,true,2020-04-19
111,User 111,user111@example.com,Support,Lead,65207,false,2020-04-20
112,User 112,user112@example.com,Engineering,Junior,65344,true,2020-04-21
113,User 113,user113@example.com,Design,Mid,65481,true,2020-04-22
114,User 114,user114@example.com,Sales,Senior,65618,false,2020-04-23
115,User 115,user115@example.com,Support,Lead,65755,true,2020-04-24
116,User 116,user116@example.com,Engineering,Junior,65892,true,2020-04-25
117,User 117,user117@example.com,Design,Mid,66029,false,2020-04-26
118,User 118,user118@example.com,Sales,Senior,66166,true,2020-04-27
119,User 119,user119@example.com,Support,Lead,66303,true,2020-04-28
120,User 120,user120@example.com,Engineering,Junior,66440,false,2020-04-29
121,User 121,user121@example.com,Design,Mid,66577,true,2020-04-30
122,User 122,user122@example.com,Sales,Senior,66714,true,2020-05-01
123,User 123,user123@example.com,Support,Lead,66851,false,2020-05-02
124,User 124,user124@example.com,Engineering,Junior,66988,true,2020-05-03
125,User 125,user125@example.com,Design,Mid,67125,true,2020-05-04
126,User 126,user126@example.com,Sales,Senior,67262,false,2020-05-05
127,User 127,user127@example.com,Support,Lead,67399,true,2020-05-06
128,User 128,user128@example.com,Engineering,Junior,67536,true,2020-05-07
129,User 129,user129@example.com,Design,Mid,67673,false,2020-05-08
130,User 130,user130@example.com,Sales,Senior,67810,true,2020-05-09
131,User 131,user131@example.com,Support,Lead,67947,true,2020-05-10
132,User 132,user132@example.com,Engineering,Junior,68084,false,2020-05-11
133,User 133,user133@example.com,Design,Mid,68221,true,2020-05-12
134,User 134,user134@example.com,Sales,Senior,68358,true,2020-05-13
135,User 135,user135@example.com,Support,Lead,68495,false,2020-05-14
136,User 136,user136@example.com,Engineering,Junior,68632,true,2020-05-15
137,User 137,user137@example.com,Design,Mid,68769,true,2020-05-16
138,User 138,user138@example.com,Sales,Senior,68906,false,2020-05-17
139,User 139,user139@example.com,Support,Lead,69043,true,2020-05-18
140,User 140,user140@example.com,Engineering,Junior,69180,true,2020-05-19
141,User 141,user141@example.com,Design,Mid,69317,false,2020-05-20
142,User 142,user142@example.com,Sales,Senior,69454,true,2020-05-21
143,User 143,user143@example.com,Support,Lead,69591,true,2020-05-22
144,User 144,user144@example.com,Engineering,Junior,69728,false,2020-05-23
145,User 145,user145@example.com,Design,Mid,69865,true,2020-05-24
146,User 146,user146@example.com,Sales,Senior,70002,true,2020-05-25
147,User 147,user147@example.com,Support,Lead,70139,false,2020-05-26
148,User 148,user148@example.com,Engineering,Junior,70276,true,2020-05-27
149,User 149,user149@example.com,Design,Mid,70413,true,2020-05-28
150,User 150,user150@example.com,Sales,Senior,70550,false,2020-05-29
151,User 151,user151@example.com,Support,Lead,70687,true,2020-05-30
152,User 152,user152@example.com,Engineering,Junior,70824,true,2020-05-31
